"Url","Files"
"https://images.squarespace-cdn.com/content/v1/66e34c24d6049d20d04964d1/27c4cf30-63df-4e62-8d93-0912af544f7c/favicon.ico","careers.html, cart.html, faq.html, index.html, new-guests.html, our-story.html, policies.html, privacy-policy.html, reviews.html, services.html, shopaveda.html, stylist-bio-2-1.html, stylist-bio-2.html, stylist-bio-3.html, stylist-bio-4-1-1.html, stylist-bio-4-1.html, stylist-bio-4.html, stylists.html"
"https://static1.squarespace.com/static/vta/5c5a519771c10ba3470d8101/scripts/","careers.html, cart.html, faq.html, index.html, new-guests.html, our-story.html, policies.html, privacy-policy.html, reviews.html, services.html, shopaveda.html, stylist-bio-2-1.html, stylist-bio-2.html, stylist-bio-3.html, stylist-bio-4-1-1.html, stylist-bio-4-1.html, stylist-bio-4.html, stylists.html"
"https://static1.squarespace.com/static/66e34c24d6049d20d04964d1/t/66f6da680e12425ca65181dc/1764998510368/","careers.html, cart.html, faq.html, index.html, new-guests.html, our-story.html, policies.html, privacy-policy.html, reviews.html, services.html, shopaveda.html, stylist-bio-2-1.html, stylist-bio-2.html, stylist-bio-3.html, stylist-bio-4-1-1.html, stylist-bio-4-1.html, stylist-bio-4.html, stylists.html"
"https://images.squarespace-cdn.com/content/v1/66e34c24d6049d20d04964d1/d181b325-efe4-449f-854a-264468279171/1K7A1168.jpg&quot;,
","careers.html"
"https://images.squarespace-cdn.com/content/v1/66e34c24d6049d20d04964d1/d181b325-efe4-449f-854a-264468279171/1K7A1168.jpg","careers.html"
"https://images.squarespace-cdn.com/content/v1/66e34c24d6049d20d04964d1/8ddd1114-5b9b-46c9-a586-9ddf20e6741b/Aveda-Brand-Logo-Black.jpg","careers.html, cart.html, faq.html, index.html, new-guests.html, our-story.html, policies.html, privacy-policy.html, reviews.html, services.html, shopaveda.html, stylist-bio-2-1.html, stylist-bio-2.html, stylist-bio-3.html, stylist-bio-4-1-1.html, stylist-bio-4-1.html, stylist-bio-4.html, stylists.html"
"https://images.squarespace-cdn.com/content/v1/66e34c24d6049d20d04964d1/1568e774-71b2-4122-bd8d-0e64075e9585/1K7A0921.jpg&quot;,
","index.html"
"https://images.squarespace-cdn.com/content/v1/66e34c24d6049d20d04964d1/1568e774-71b2-4122-bd8d-0e64075e9585/1K7A0921.jpg","index.html"
"https://images.squarespace-cdn.com/content/v1/66e34c24d6049d20d04964d1/ebd2a642-1b6e-41ae-852a-cae01beaa673/mathilde-langevin-nV-3mvWNH7w-unsplash.jpg","index.html"
"https://images.squarespace-cdn.com/content/v1/66e34c24d6049d20d04964d1/711d700d-bb59-4629-b1c6-a18d8406313d/1K7A6300_EDIT.jpg","index.html"
"https://images.squarespace-cdn.com/content/v1/66e34c24d6049d20d04964d1/bbb0f1fb-ec37-4b9b-b694-dcd425a5046c/1K7A6285_EDIT.jpg","index.html, stylists.html"
"https://images.squarespace-cdn.com/content/v1/66e34c24d6049d20d04964d1/0b25b0c0-d5cc-4fba-946a-0ab45e680238/1K7A6912_EDIT.jpg","index.html"
"https://images.squarespace-cdn.com/content/v1/66e34c24d6049d20d04964d1/1df71953-0ee5-4e0f-bd35-ec9294f37182/1K7A6656_EDIT.jpg&quot;,
","index.html"
"https://images.squarespace-cdn.com/content/v1/66e34c24d6049d20d04964d1/1df71953-0ee5-4e0f-bd35-ec9294f37182/1K7A6656_EDIT.jpg","index.html"
"https://images.squarespace-cdn.com/content/v1/66e34c24d6049d20d04964d1/1768501545744-EXAMZ8D03PNHLDVNE9HU/image-asset.jpeg","index.html"
"https://images.squarespace-cdn.com/content/v1/66e34c24d6049d20d04964d1/1768408983925-XJO9QKLHEW3TS1H2FBDB/image-asset.jpeg","index.html"
"https://images.squarespace-cdn.com/content/v1/66e34c24d6049d20d04964d1/1768262228136-3SZSZTY03YWJ3KFL493Z/image-asset.jpeg","index.html"
"https://images.squarespace-cdn.com/content/v1/66e34c24d6049d20d04964d1/1757879382951-XC7U4BH985K8CJ7V7Q09/image-asset.jpeg","index.html"
"https://images.squarespace-cdn.com/content/v1/66e34c24d6049d20d04964d1/1757626529744-9VKT1SIP6PO3C0M0SIX2/image-asset.jpeg","index.html"
"https://images.squarespace-cdn.com/content/v1/66e34c24d6049d20d04964d1/1757362053097-3I4I9UAPDU9TOMHQKL0U/image-asset.jpeg","index.html"
"https://images.squarespace-cdn.com/content/v1/66e34c24d6049d20d04964d1/1757175377578-NVATKCLZEN717O0URRMZ/image-asset.jpeg","index.html"
"https://images.squarespace-cdn.com/content/v1/66e34c24d6049d20d04964d1/1757087344496-6LJRVQCUFHDJLD6YWDYL/image-asset.jpeg","index.html"
"https://images.squarespace-cdn.com/content/v1/66e34c24d6049d20d04964d1/1726172203305-YH8NN9IZQNUXT0KFLBXJ/Squarespace+Background+Images+-+Earthy+%281%29.png&quot;,
&quot;contentType&quot;:","new-guests.html"
"https://images.squarespace-cdn.com/content/v1/66e34c24d6049d20d04964d1/1726172203305-YH8NN9IZQNUXT0KFLBXJ/Squarespace+Background+Images+-+Earthy+%281%29.png","new-guests.html"
"https://images.squarespace-cdn.com/content/v1/66e34c24d6049d20d04964d1/726cc66e-a5cd-4963-964f-081371b55102/1K7A6315_EDIT.jpg","new-guests.html"
"https://images.squarespace-cdn.com/content/v1/66e34c24d6049d20d04964d1/82a312a0-1aab-4b61-aa4c-5607618a0002/1K7A0857.jpg","new-guests.html"
"https://images.squarespace-cdn.com/content/v1/66e34c24d6049d20d04964d1/3f33bfde-e335-4f82-ae4b-bfdc05e56d2b/1K7A6930_EDIT.jpg","new-guests.html"
"https://images.squarespace-cdn.com/content/v1/66e34c24d6049d20d04964d1/b1b5f4fb-c4f4-4c62-adbf-2806d32526fc/1K7A6570_EDIT.jpg","new-guests.html"
"https://images.squarespace-cdn.com/content/v1/66e34c24d6049d20d04964d1/1726172218704-F9JJ0RKCI9HY1VK86TQ7/giorgio-trovato-T9u-Xr30FY8-unsplash.jpg&quot;,
","our-story.html"
"https://images.squarespace-cdn.com/content/v1/66e34c24d6049d20d04964d1/1726172218704-F9JJ0RKCI9HY1VK86TQ7/giorgio-trovato-T9u-Xr30FY8-unsplash.jpg","our-story.html"
"https://images.squarespace-cdn.com/content/v1/66e34c24d6049d20d04964d1/2334be5a-dd47-4ccd-b1fe-6df706d6b244/1K7A6456_EDIT.jpg","our-story.html"
"https://images.squarespace-cdn.com/content/v1/66e34c24d6049d20d04964d1/3894b473-b82b-4bff-b9cf-4918f9dbcdf7/1K7A6523_EDIT.jpg","our-story.html"
"https://images.squarespace-cdn.com/content/v1/66e34c24d6049d20d04964d1/5a09c38b-d930-48e4-9036-1f1e1599ec57/1K7A6881_EDIT.jpg","our-story.html"
"https://images.squarespace-cdn.com/content/v1/66e34c24d6049d20d04964d1/68e352a4-65fe-4435-85a5-adbe3850391d/1K7A6886_EDIT.jpg","our-story.html"
"https://images.squarespace-cdn.com/content/v1/66e34c24d6049d20d04964d1/da9fb136-dcd8-42e5-8052-c1855cdaeee1/1K7A6911_EDIT.jpg","our-story.html"
"https://images.squarespace-cdn.com/content/v1/66e34c24d6049d20d04964d1/d5dc0f7c-42fb-41d4-8f7b-dcf6c633e62e/1K7A6933_EDIT.jpg","our-story.html"
"https://images.squarespace-cdn.com/content/v1/66e34c24d6049d20d04964d1/3ea93180-a007-4d88-bbc0-1182b978c825/1K7A6528_EDIT.jpg","our-story.html"
"https://images.squarespace-cdn.com/content/v1/66e34c24d6049d20d04964d1/cc3af9b8-d5cf-4cf8-b93d-9f14379f437c/1K7A6514_EDIT.jpg&quot;,
","our-story.html"
"https://images.squarespace-cdn.com/content/v1/66e34c24d6049d20d04964d1/cc3af9b8-d5cf-4cf8-b93d-9f14379f437c/1K7A6514_EDIT.jpg","our-story.html"
"https://images.squarespace-cdn.com/content/v1/66e34c24d6049d20d04964d1/c77ae7f3-89e0-46e6-ac81-143cbcc80464/1K7A1329.jpg&quot;,
","reviews.html"
"https://images.squarespace-cdn.com/content/v1/66e34c24d6049d20d04964d1/c77ae7f3-89e0-46e6-ac81-143cbcc80464/1K7A1329.jpg","reviews.html"
"https://images.squarespace-cdn.com/content/v1/66e34c24d6049d20d04964d1/f6872fbe-e73d-4375-b3f6-335f89505ba4/1K7A0990.jpg&quot;,
","services.html"
"https://images.squarespace-cdn.com/content/v1/66e34c24d6049d20d04964d1/f6872fbe-e73d-4375-b3f6-335f89505ba4/1K7A0990.jpg","services.html"
"https://images.squarespace-cdn.com/content/v1/66e34c24d6049d20d04964d1/982ce684-2655-4238-a31d-45e8a899cf68/1K7A0847_EDIT.jpg","services.html"
"https://images.squarespace-cdn.com/content/v1/66e34c24d6049d20d04964d1/c943f8bf-0ef3-45d7-a008-bdc809c7b542/1K7A6512_EDIT.jpg&quot;,
&quot;contentType&quot;:","shopaveda.html"
"https://images.squarespace-cdn.com/content/v1/66e34c24d6049d20d04964d1/c943f8bf-0ef3-45d7-a008-bdc809c7b542/1K7A6512_EDIT.jpg","shopaveda.html"
"https://images.squarespace-cdn.com/content/v1/66e34c24d6049d20d04964d1/e4d60a66-c355-46ef-af5e-9a83b84d4b37/1K7A0746_EDIT.jpg","stylist-bio-2-1.html"
"https://images.squarespace-cdn.com/content/v1/66e34c24d6049d20d04964d1/d3da620b-8a34-4b7d-a182-1b31d94c4f18/1K7A8443_EDIT.jpg","stylist-bio-2.html"
"https://images.squarespace-cdn.com/content/v1/66e34c24d6049d20d04964d1/18a74e79-4970-4441-8769-e124d164cff8/1K7A8533_EDIT.jpg","stylist-bio-3.html"
"https://static1.squarespace.com/static/versioned-site-css/66e34c24d6049d20d04964d1/27/5c5a519771c10ba3470d8101/66e34c25d6049d20d04964d9/1770/site.css","stylist-bio-4-1-1.html"
"https://static1.squarespace.com/static/custom-css/66e34c24d6049d20d04964d1/66e34c25d6049d20d04964d9/0/custom.css","stylist-bio-4-1-1.html"
"https://static1.squarespace.com/static/vta/5c5a519771c10ba3470d8101/versioned-assets/1775761119479-MQOID49W7RCDTME7SSD0/static.css","stylist-bio-4-1-1.html"
"https://static1.squarespace.com/static/vta/5c5a519771c10ba3470d8101/scripts/site-bundle.1412ac1ad95394b39f3ca23c39578f35.js","stylist-bio-4-1-1.html"
"https://images.squarespace-cdn.com/content/v1/66e34c24d6049d20d04964d1/c8572bdd-311b-424c-8ca6-c597659bd466/1K7A8522_EDIT.jpg","stylist-bio-4-1.html"
"https://images.squarespace-cdn.com/content/v1/66e34c24d6049d20d04964d1/bb2775e7-79fe-43f5-b343-e86585d7122c/1K7A8471_EDIT.jpg","stylist-bio-4.html"
"https://images.squarespace-cdn.com/content/v1/66e34c24d6049d20d04964d1/bbb0f1fb-ec37-4b9b-b694-dcd425a5046c/1K7A6285_EDIT.jpg&quot;,
&quot;contentType&quot;:","stylists.html"
"https://images.squarespace-cdn.com/content/v1/66e34c24d6049d20d04964d1/88aab628-580c-4312-b03c-d0b35c24fc08/1K7A8537_EDIT.jpg","stylists.html"
"https://images.squarespace-cdn.com/content/v1/66e34c24d6049d20d04964d1/419b80e6-8381-44a8-95a9-789e58e743dd/1K7A0746_EDIT.jpg","stylists.html"
"https://images.squarespace-cdn.com/content/v1/66e34c24d6049d20d04964d1/14d35bbc-bec1-4f8e-9983-abe40a07950d/1K7A8460_EDIT.jpg","stylists.html"
"https://images.squarespace-cdn.com/content/v1/66e34c24d6049d20d04964d1/a25409aa-f9e3-4018-94b1-0bc8443df57e/1K7A0758_EDIT.jpg","stylists.html"
"https://images.squarespace-cdn.com/content/v1/66e34c24d6049d20d04964d1/16521619-4bd4-49ab-982c-ffadf0c010ad/1K7A0775_EDIT.jpg","stylists.html"
"https://images.squarespace-cdn.com/content/v1/66e34c24d6049d20d04964d1/74e2d29e-fa0c-4834-952f-911197f9db08/1K7A8526_EDIT.jpg","stylists.html"
